﻿<?xml version="1.0" encoding="utf-8"?>
<Score>
  <Scores>
    <Name>Sony3</Name>
    <Level>10</Level>
    <Points>300</Points>
    <Time>300</Time>
    <Operation>Addition</Operation>
    <Date>02/03/2010 12:51:38</Date>
  </Scores>
  <Scores>
    <Name>Sony4</Name>
    <Level>10</Level>
    <Points>400</Points>
    <Time>400</Time>
    <Operation>Addition</Operation>
    <Date>02/04/2010 12:51:38</Date>
  </Scores>
  <Scores>
    <Name>Sony5</Name>
    <Level>10</Level>
    <Points>500</Points>
    <Time>400</Time>
    <Operation>Addition</Operation>
    <Date>02/05/2010 12:51:38</Date>
  </Scores>
  <Scores>
    <Name>Sony6</Name>
    <Level>10</Level>
    <Points>600</Points>
    <Time>400</Time>
    <Operation>Addition</Operation>
    <Date>02/06/2010 12:51:38</Date>
  </Scores>
  <Scores>
    <Name>Sony7</Name>
    <Level>10</Level>
    <Points>700</Points>
    <Time>400</Time>
    <Operation>Addition</Operation>
    <Date>02/07/2010 12:51:38</Date>
  </Scores>
  <Scores>
    <Name>Sony8</Name>
    <Level>10</Level>
    <Points>800</Points>
    <Time>400</Time>
    <Operation>Addition</Operation>
    <Date>02/08/2010 12:51:38</Date>
  </Scores>
  <Scores>
    <Name>Sony9</Name>
    <Level>10</Level>
    <Points>900</Points>
    <Time>400</Time>
    <Operation>Addition</Operation>
    <Date>02/09/2010 12:51:38</Date>
  </Scores>
  <Scores>
    <Name>reshma</Name>
    <Level>10</Level>
    <Points>300</Points>
    <Time>7</Time>
    <Operation>300</Operation>
    <Date>02/15/2010 08:38:01</Date>
  </Scores>
  <Scores>
    <Name>reshmaaa</Name>
    <Level>10</Level>
    <Points>300</Points>
    <Time>18</Time>
    <Operation>Addition</Operation>
    <Date>02/23/2010 12:37:04</Date>
  </Scores>
  <Scores>
    <Name>Sony Sebastian C.J</Name>
    <Level>10</Level>
    <Points>7500</Points>
    <Time>744</Time>
    <Operation>Addition</Operation>
    <Date>02/27/2010 17:27:19</Date>
  </Scores>
</Score>